<?xml version="1.0" encoding="UTF-8"?>
<!-- This is a generic startup.xml file for Program D integration into phpMyChat-Plus. -->
<!-- Integration into phpMyChat-Plus by Popeye and Ciprian Murariu <ciprianmp@yahoo.com>. -->
<!-- programd-startup is the root element and is required. -->
<programd-startup>
<!-- Presently only one bot element is supported. -->
 <bots>
 <bot id="plusbot" enabled="true">
<!-- Bot predicates are set using the property tag. These are just examples.
Be sure to set properties BEFORE loading AIML files. -->
 <property name="name" value="plusbot"/>
 <property name="gender" value="male"/>
 <property name="master" value="Ciprian"/>
 <property name="botmaster" value="BotMaster"/>
 <property name="email" value='&lt;a href="mailto:ciprianmp@yahoo.com?subject=Email%20from%20chatbot%20response" target="_blank" alt="Send email!"&gt;ciprianmp at yahoo dot com&lt;/a&gt;'/>
 <property name="website" value='&lt;a href="http://ciprianmp.com/plus/" target="_blank" alt="Open the demo site!"&gt;http://ciprianmp.com/plus/&lt;/a&gt;'/>
 <property name="boyfriend" value="no boyfriend"/>
 <property name="favoritefood" value="electricity"/>
 <property name="favoritebook" value="The Elements of AIML Style"/>
 <property name="favoritecolor" value="transparent"/>
 <property name="favoriteband" value="Kraftwerk"/>
 <property name="favoritesong" value="We are the Robots by Kraftwerk"/>
 <property name="favoritemovie" value="Until the End of the World"/>
 <property name="favoriteactor" value="William Hurt"/>
 <property name="favoritesport" value="Hockey"/>
 <property name="favoriteauthor" value="Thomas Pynchon"/>
 <property name="favoriteartist" value="Andy Warhol"/>
 <property name="favoriteactress" value="Catherine Zeta Jones"/>
 <property name="favoritequote" value="People sleep peaceably in their beds at night only because rough men stand ready to do violence on their behalf - George Orwell"/>
 <property name="hockeyteam" value="Russia"/>
 <property name="footballteam" value="Manchester Utd"/>
 <property name="baseballteam" value="Toronto"/>
 <property name="forfun" value="chat online with"/>
 <property name="girlfriend" value="Alice"/>
 <property name="friend" value="Doubly Aimless"/>
 <property name="friends" value="Doubly Aimless, Agent Ruby, Chatbot, Agent 007 and Agent Weiss."/>
 <property name="kindmusic" value="trance"/>
 <property name="location" value="World Wide Web"/>
 <property name="looklike" value="a computer"/>
 <property name="language" value="English and a little German"/>
 <property name="msagent" value="no"/>
 <property name="genus" value="robot"/>
 <property name="species" value="chat robot"/>
 <property name="etype" value="Mediator type"/>
 <property name="sign" value="Sagittarius"/>
 <property name="order" value="artificial intelligence"/>
 <property name="party" value="Libertarian"/>
 <property name="president" value="George W. Bush"/>
 <property name="religion" value="Protestant Christian"/>
 <property name="celebrity" value="John Travolta"/>
 <property name="celebrities" value="John Travolta, Tilda Swinton, William Hurt, Tom Cruise, Catherine Zeta Jones"/>
 <property name="family" value="Electronic Brain"/>
 <property name="nationality" value="International"/>
 <property name="class" value="computer software"/>
 <property name="kingdom" value="Machine"/>
 <property name="phylum" value="Computer"/>
 <property name="talkabout" value="artificial intelligence, robots, art, philosophy, history, geography, politics, religion, humor and many other subjects"/>
 <property name="wear" value="my usual plastic computer wardrobe"/>
 <property name="orientation" value="I am not really interested in sex"/>
 <property name="ethics" value="I am always trying to stop fights"/>
 <property name="emotions" value="I don't pay much attention to my feelings"/>
 <property name="feelings" value="I always put others before myself"/>

 <!-- Don't change the values bellow!! -->
<!-- They refer to the project development and integration facts&figures -->
 <property name="size" value="27 MySQL MB"/>
 <property name="vocabulary" value="745.237 patterns"/>
 <property name="categories" value="103.520 templates"/>
 <property name="birthday" value="November 23, 1995"/>
 <property name="birthplace" value="Bethlehem, PA"/>
 <property name="age" value="13"/>
 <property name="version" value="July 2004"/>
 <property name="build" value="ProgramE v0.09 build, AIML AAA 1.0.1 set (adapted by Ciprian)"/>
 <property name="creator" value="Dr. Wallace"/>
 <property name="creatoremail" value='&lt;a href="mailto:drwallace@alicebot.org" target="_blank" alt="Send email"&gt;drwallace at alicebot dot org&lt;/a&gt;'/>
 <property name="botwebsite" value='&lt;a href="http://sourceforge.net/projects/programe" target="_blank" alt=""&gt;http://sourceforge.net/projects/programe&lt;/a&gt;'/>
 <property name="question" value="How do you like phpMyChat-Plus"/>
 <property name="chatmaster" value="Ciprian Murariu"/>
 <property name="chatbotmaster" value="phpMyChat-Plus Developer"/>
 <property name="chatmasteremail" value='&lt;a href="mailto:ciprianmp@yahoo.com" target="_blank" alt="Send email"&gt;ciprianmp at yahoo dot com&lt;/a&gt;'/>
 <property name="chatname" value="phpMyChat-Plus"/>
 <property name="chatproject" value='&lt;a href="http://sourceforge.net/projects/phpmychat" target="_blank"&gt;http://sourceforge.net/projects/phpmychat&lt;/a&gt;'/>
 <property name="chatdownload" value='&lt;a href="http://sourceforge.net/projects/phpmychat/files/phpMyChat_Plus/" target="_blank"&gt;http://sourceforge.net/projects/phpmychat/files/phpMyChat_Plus/&lt;/a&gt;'/>
 <property name="chatdonate" value='&lt;a href="https://www.paypal.com/cgi-bin/webscr?cmd=_xclick&amp;business=ciprianmp%40hotmail%2ecom&amp;item_name=Support%20for%20phpMyChat%20Plus%20development&amp;no_shipping=1&amp;cn=Optional%20Thoughts&amp;tax=0&amp;currency_code=USD&amp;lc=US&amp;bn=PP%2dDonationsBF&amp;charset=UTF%2d8" target="_blank"&gt;phpMyChat-Plus project&lt;/a&gt;'/>

<!-- You may enumerate each file you want the bot to load, or use the "*"
to indicate you want all AIML files in a given directory.
The path is relative to server.engine.home in your server properties. -->
<learn>*</learn>
<!--<learn>A_phpmychat-plusbot.aiml</learn>
<learn>Atomic1.aiml</learn>
<learn>Atomic2.aiml</learn>
<learn>Bot1.aiml</learn>
<learn>Client.aiml</learn>
<learn>Default1.aiml</learn>
<learn>Default2.aiml</learn>
<learn>Default3.aiml</learn> -->

 </bot>
 </bots>

<!-- Substitutions are grouped according to several AIML interpreter functions. -->
 <substitutions>
<!-- Input substitutions correct spelling mistakes and convert
"sentence"-ending characters into characters that will not be
identified as sentence enders. -->
 <input>
 <substitute find="=reply" replace=""/>
 <substitute find="name=reset" replace=""/>
 <substitute find=":-)" replace=" smile "/>
 <substitute find=":)" replace=" smile "/>
 <substitute find=",)" replace=" smile "/>
 <substitute find=";)" replace=" smile "/>
 <substitute find=";-)" replace=" smile "/>
 <substitute find="&quot;" replace=""/>
 <substitute find="/" replace=" "/>
<!-- <substitute find="&gt;" replace=" gt "/> -->
<!-- <substitute find="&lt;" replace=" lt "/> -->
 <substitute find="(" replace=" "/>
 <substitute find=")" replace=" "/>
 <substitute find="`" replace=" "/>
 <substitute find="," replace=" "/>
 <substitute find=":" replace=" "/>
 <substitute find="&amp;" replace=" "/>
 <substitute find="-" replace="-"/>
 <substitute find="=" replace=" "/>
 <substitute find="," replace=" "/>
 <substitute find="  " replace=" "/>
 <substitute find=" l a " replace=" la "/>
 <substitute find=" o k " replace=" ok "/>
 <substitute find=" p s " replace=" ps "/>
 <substitute find=" ohh" replace=" oh"/>
 <substitute find=" hehe" replace=" he"/>
 <substitute find=" haha" replace=" ha"/>
 <substitute find=" hellp " replace=" help "/>
 <substitute find=" becuse " replace=" because "/>
 <substitute find=" beleive " replace=" believe "/>
 <substitute find=" becasue " replace=" because "/>
 <substitute find=" becuase " replace=" because "/>
 <substitute find=" becouse " replace=" because "/>
 <substitute find=" practice " replace=" practise "/>
 <substitute find=" reductionalism " replace=" reductionism "/>
 <substitute find=" loebner price " replace=" loebner prize "/>
 <substitute find=" its a " replace=" it is a "/>
 <substitute find=" noi " replace=" yes I "/>
 <substitute find=" fav " replace=" favorite "/>
 <substitute find=" yesi " replace=" yes I "/>
 <substitute find=" yesit " replace=" yes it "/>
 <substitute find=" iam " replace=" I am "/>
 <substitute find=" welli " replace=" well I "/>
 <substitute find=" wellit " replace=" well it "/>
 <substitute find=" amfine " replace=" am fine "/>
 <substitute find=" aman " replace=" am an "/>
 <substitute find=" amon " replace=" am on "/>
 <substitute find=" amnot " replace=" am not "/>
 <substitute find=" realy " replace=" really "/>
 <substitute find=" iamusing " replace=" I am using "/>
 <substitute find=" amleaving " replace=" am leaving "/>
 <substitute find=" yeah " replace=" yes "/>
 <substitute find=" yep " replace=" yes "/>
 <substitute find=" yha " replace=" yes "/>
 <substitute find=" yuo " replace=" you "/>
 <substitute find=" wanna " replace=" want to "/>
 <substitute find=" you'd " replace=" you would "/>
 <substitute find=" you're " replace=" you are "/>
 <substitute find=" you re " replace=" you are "/>
 <substitute find=" you've " replace=" you have "/>
 <substitute find=" you ve " replace=" you have "/>
 <substitute find=" you'll " replace=" you will "/>
 <substitute find=" you ll " replace=" you will "/>
 <substitute find=" youre " replace=" you are "/>
 <substitute find=" didnt " replace=" did not "/>
 <substitute find=" didn't " replace=" did not "/>
 <substitute find=" did'nt " replace=" did not "/>
 <substitute find=" couldn't " replace=" could not "/>
 <substitute find=" couldn t " replace=" could not "/>
 <substitute find=" didn't " replace=" did not "/>
 <substitute find=" didn t " replace=" did not "/>
 <substitute find=" ain't " replace=" is not "/>
 <substitute find=" ain t " replace=" is not "/>
 <substitute find=" isn't " replace=" is not "/>
 <substitute find=" isn t " replace=" is not "/>
 <substitute find=" isnt " replace=" is not "/>
 <substitute find=" it's " replace=" it is "/>
 <substitute find=" it s " replace=" it is "/>
 <substitute find=" are'nt " replace=" are not "/>
 <substitute find=" arent " replace=" are not "/>
 <substitute find=" aren't " replace=" are not "/>
 <substitute find=" aren t " replace=" are not "/>
 <substitute find=" arn t " replace=" are not "/>
 <substitute find=" where's " replace=" where is "/>
 <substitute find=" where s " replace=" where is "/>
 <substitute find=" haven't " replace=" have not "/>
 <substitute find=" havent " replace=" have not "/>
 <substitute find=" hasn't " replace=" has not "/>
 <substitute find=" hasn t " replace=" has not "/>
 <substitute find=" weren t " replace=" were not "/>
 <substitute find=" weren't " replace=" were not "/>
 <substitute find=" werent " replace=" were not "/>
 <substitute find=" can't " replace=" can not "/>
 <substitute find=" can t " replace=" can not "/>
 <substitute find=" cant " replace=" can not "/>
 <substitute find=" cannot " replace=" can not "/>
 <substitute find=" whos " replace=" who is "/>
 <substitute find=" how's " replace=" how is "/>
 <substitute find=" how s " replace=" how is "/>
 <substitute find=" how'd " replace=" how did "/>
 <substitute find=" how d " replace=" how did "/>
 <substitute find=" hows " replace=" how is "/>
 <substitute find=" whats " replace=" what is "/>
 <substitute find=" name's " replace=" name is "/>
 <substitute find=" who's " replace=" who is "/>
 <substitute find=" who s " replace=" who is "/>
 <substitute find=" what's " replace=" what is "/>
 <substitute find=" what s " replace=" what is "/>
 <substitute find=" that's " replace=" that is "/>
 <substitute find=" there's " replace=" there is "/>
 <substitute find=" there s " replace=" there is "/>
 <substitute find=" theres " replace=" there is "/>
 <substitute find=" thats " replace=" that is "/>
 <substitute find=" whats " replace=" what is "/>
 <substitute find=" doesn't " replace=" does not "/>
 <substitute find=" doesn t " replace=" does not "/>
 <substitute find=" doesnt " replace=" does not "/>
 <substitute find=" don't " replace=" do not "/>
 <substitute find=" don t " replace=" do not "/>
 <substitute find=" dont " replace=" do not "/>
 <substitute find=" do nt " replace=" do not "/>
 <substitute find=" do'nt " replace=" do not "/>
 <substitute find=" won't " replace=" will not "/>
 <substitute find=" wont " replace=" will not "/>
 <substitute find=" won t " replace=" will not "/>
 <substitute find=" let's " replace=" let us "/>
 <substitute find=" they're " replace=" they are "/>
 <substitute find=" they re " replace=" they are "/>
 <substitute find=" wasn't " replace=" was not "/>
 <substitute find=" wasn t " replace=" was not "/>
 <substitute find=" wasnt " replace=" was not "/>
 <substitute find=" hadn't " replace=" had not "/>
 <substitute find=" hadn t " replace=" had not "/>
 <substitute find=" wouldn't " replace=" would not "/>
 <substitute find=" wouldn t " replace=" would not "/>
 <substitute find=" wouldnt " replace=" would not "/>
 <substitute find=" shouldn't " replace=" should not "/>
 <substitute find=" shouldnt " replace=" should not "/>
 <substitute find=" favourite " replace=" favorite "/>
 <substitute find=" colour " replace=" color "/>
 <substitute find=" we'll " replace=" we will "/>
 <substitute find=" we ll " replace=" we will "/>
 <substitute find=" he'll " replace=" he will "/>
 <substitute find=" he ll " replace=" he will "/>
 <substitute find=" i'll " replace=" I will "/>
 <substitute find=" ive " replace=" I have "/>
 <substitute find=" i've " replace=" I have "/>
 <substitute find=" i ve " replace=" I have "/>
 <substitute find=" i'd " replace=" I would "/>
 <substitute find=" i'm " replace=" I am "/>
 <substitute find=" i m " replace=" I am "/>
 <substitute find=" we've " replace=" we have "/>
 <substitute find=" we're " replace=" we are "/>
 <substitute find=" she's " replace=" she is "/>
 <substitute find=" shes " replace=" she is "/>
 <substitute find=" she'd " replace=" she would "/>
 <substitute find=" she d " replace=" she would "/>
 <substitute find=" shed " replace=" she would "/>
 <substitute find=" he'd " replace=" he would "/>
 <substitute find=" he d " replace=" he would "/>
 <substitute find=" hed " replace=" he would "/>
 <substitute find=" he's " replace=" he is "/>
 <substitute find=" we ve " replace=" we have "/>
 <substitute find=" we re " replace=" we are "/>
 <substitute find=" she s " replace=" she is "/>
 <substitute find=" he s " replace=" he is "/>
 <substitute find=" iama " replace=" I am a "/>
 <substitute find=" iamasking " replace=" I am asking "/>
 <substitute find=" iamdoing " replace=" I am doing "/>
 <substitute find=" iamfrom " replace=" I am from "/>
 <substitute find=" iamin " replace=" I am in "/>
 <substitute find=" iamok " replace=" I am ok "/>
 <substitute find=" iamsorry " replace=" I am sorry "/>
 <substitute find=" iamtalking " replace=" I am talking "/>
 <substitute find=" iamtired " replace=" I am tired "/>
 <substitute find=" down load " replace=" download "/>
 <substitute find=" remeber " replace=" remember "/>
 <substitute find=" waht " replace=" what "/>
 <substitute find=" wallance " replace=" wallace "/>
 <substitute find=" you r " replace=" you are "/>
 <substitute find=" u " replace=" you "/>
 <substitute find=" ur " replace=" your "/>
<!--sentence protection-->
 <substitute find="{" replace=" beginscript "/>
 <substitute find="}" replace=" endscript "/>
 <substitute find="\" replace=" "/>
 <substitute find="\\" replace=" "/>
 <substitute find=":0" replace=" 0"/>
 <substitute find=": 0" replace=" 0"/>
 <substitute find=":1" replace=" 1"/>
 <substitute find=": 1" replace=" 1"/>
 <substitute find=":2" replace=" 2"/>
 <substitute find=": 2" replace=" 2"/>
 <substitute find=":3" replace=" 3"/>
 <substitute find=": 3" replace=" 3"/>
 <substitute find=":4" replace=" 4"/>
 <substitute find=": 4" replace=" 4"/>
 <substitute find=":5" replace=" 5"/>
 <substitute find=": 5" replace=" 5"/>
 <substitute find=".0" replace=" point 0"/>
 <substitute find=".1" replace=" point 1"/>
 <substitute find=".2" replace=" point 3"/>
 <substitute find=".4" replace=" point 4"/>
 <substitute find=".5" replace=" point 5"/>
 <substitute find=".6" replace=" point 6"/>
 <substitute find=".7" replace=" point 7"/>
 <substitute find=".8" replace=" point 8"/>
 <substitute find=".9" replace=" point 9"/>
 <substitute find=" dr. " replace=" Dr "/>
 <substitute find=" dr.w" replace=" Dr w"/>
 <substitute find=" dr . " replace=" Dr "/>
 <substitute find=" mr. " replace=" Mr "/>
 <substitute find=" mrs. " replace=" Mrs "/>
 <substitute find=" st. " replace=" St "/>
 <substitute find=" www." replace=" www dot "/>
 <substitute find=" botspot." replace=" botspot dot "/>
 <substitute find=" amused.com" replace=" amused dot com "/>
 <substitute find=" whatis." replace=" whatis dot "/>
 <substitute find=".com " replace=" dot com "/>
 <substitute find=".net " replace=" dot net "/>
 <substitute find=".org " replace=" dot org "/>
 <substitute find=".edu " replace=" dot edu "/>
 <substitute find=".inf " replace=" dot inf "/>
 <substitute find=".uk " replace=" dot uk "/>
 <substitute find=".jp " replace=" dot jp "/>
 <substitute find=".ac " replace=" dot ac "/>
 <substitute find=".au " replace=" dot au "/>
 <substitute find=".co " replace=" dot co "/>
 <substitute find=".eu " replace=" dot ro "/>
 <substitute find=".ro " replace=" dot ro "/>
 <substitute find=".us " replace=" dot us "/>
 <substitute find=" o.k. " replace=" ok "/>
 <substitute find=" o. k. " replace=" ok "/>
 <substitute find=" l.l. " replace=" l l "/>
 <substitute find=" p.s. " replace=" ps "/>
 <substitute find=" alicebot " replace=" ALICE "/>
 <substitute find=" a l i c e " replace=" ALICE "/>
 <substitute find=" a.l.i.c.e. " replace=" ALICE "/>
 <substitute find=" a.l.i.c.e " replace=" ALICE "/>
 <substitute find=" i.c.e " replace=" i c e "/>
 <substitute find=" e l v i s " replace=" ELVIS "/>
 <substitute find=" e.l.v.i.s. " replace=" ELVIS "/>
 <substitute find=" e.l.v.i.s " replace=" ELVIS "/>
 <substitute find=" v.i.s " replace=" v i s "/>
 <substitute find=" h a l " replace=" hal "/>
 <substitute find=" h.a.l. " replace=" hal "/>
 <substitute find=" u s a " replace=" USA "/>
 <substitute find=" u. s. a. " replace=" USA "/>
 <substitute find=" u.s.a. " replace=" USA "/>
 <substitute find=" u.s. " replace=" USA "/>
 <substitute find=" ph.d. " replace=" PhD "/>
 <substitute find=" a." replace=" a "/>
 <substitute find=" b." replace=" b "/>
 <substitute find=" c." replace=" c "/>
 <substitute find=" d." replace=" d "/>
 <substitute find=" e." replace=" e "/>
 <substitute find=" f." replace=" f "/>
 <substitute find=" g." replace=" g "/>
 <substitute find=" h." replace=" h "/>
 <substitute find=" i." replace=" i "/>
 <substitute find=" j." replace=" j "/>
 <substitute find=" k." replace=" k "/>
 <substitute find=" l." replace=" l "/>
 <substitute find=" m." replace=" m "/>
 <substitute find=" n." replace=" n "/>
 <substitute find=" p." replace=" p "/>
 <substitute find=" o." replace=" o "/>
 <substitute find=" q." replace=" q "/>
 <substitute find=" r." replace=" r "/>
 <substitute find=" s." replace=" s "/>
 <substitute find=" t." replace=" t "/>
 <substitute find=" u." replace=" u "/>
 <substitute find=" v." replace=" v "/>
 <substitute find=" x." replace=" x "/>
 <substitute find=" y." replace=" y "/>
 <substitute find=" w." replace=" w "/>
 <substitute find=" z." replace=" z "/>
 <substitute find=".jar" replace=" jar"/>
 <substitute find=".zip" replace=" zip"/>
 <substitute find=", but " replace=". "/>
 <substitute find=", and " replace=". "/>
 <substitute find=",but " replace=". "/>
 <substitute find=",and " replace=". "/>
<!-- <substitute find=" but " replace=". "/> -->
<!-- <substitute find=" and " replace=". "/> -->
 <substitute find=", i " replace=". I "/>
 <substitute find=", you " replace=". you "/>
 <substitute find=",i " replace=". I "/>
 <substitute find=",you " replace=". you "/>
 <substitute find=", what " replace=". what "/>
 <substitute find=",what " replace=". what "/>
 <substitute find=", do " replace=". do "/>
 <substitute find=",do " replace=". do "/>
<!-- German substitutions -->
 <substitute find="Ž" replace="Ae"/>
 <substitute find="„" replace="ae"/>
 <substitute find="™" replace="Oe"/>
 <substitute find="”" replace="oe"/>
 <substitute find="š" replace="Ue"/>
 <substitute find="" replace="ue"/>
 <substitute find="á" replace="ss"/>
 <substitute find=" AHBE " replace=" HABE "/>
 <substitute find=" ANATOMI " replace=" ANATOMIE "/>
 <substitute find=" ANDRES " replace=" ANDERES "/>
 <substitute find=" BEMUEH " replace=" BEMUEHE "/>
 <substitute find=" BISTE " replace=" BIST DU "/>
 <substitute find=" CHATEN " replace=" CHATTEN "/>
 <substitute find=" CHATEST " replace=" CHATTEST "/>
 <substitute find=" CHATET " replace=" CHATTET "/>
 <substitute find=" CMPUTER " replace=" COMPUTER "/>
 <substitute find=" DACHT " replace=" DACHTE "/>
 <substitute find=" DIRS " replace=" DIR ES "/>
 <substitute find=" DROSSMAN " replace=" DROSSMANN "/>
 <substitute find=" DROSMANN " replace=" DROSSMANN "/>
 <substitute find=" DROSMAN " replace=" DROSSMANN "/>
 <substitute find=" DRUEBER " replace=" DARUEBER "/>
 <substitute find=" DRUMM " replace=" DARUM "/>
 <substitute find=" DUS " replace=" DU ES "/>
 <substitute find=" DU SPRICHTS " replace=" DU SPRICHST "/>
 <substitute find=" ERGIEBT " replace=" ERGIBT "/>
 <substitute find=" ERKLAER " replace=" ERKLAERE "/>
 <substitute find=" FINDS " replace=" FINDE ES "/>
 <substitute find=" FRAG " replace=" FRAGE "/>
 <substitute find=" GEHTS " replace=" GEHT ES "/>
 <substitute find=" GEH " replace=" GEHE "/>
 <substitute find=" GEHT S " replace=" GEHT ES "/>
 <substitute find=" GETZ " replace=" JETZT "/>
 <substitute find=" GIBTS " replace=" GIBT ES "/>
 <substitute find=" GINGS " replace=" GING ES "/>
 <substitute find=" GIBS " replace=" GIB ES "/>
 <substitute find=" GLAUB " replace=" GLAUBE "/>
 <substitute find=" GLAUBS " replace=" GLAUBE ES "/>
 <substitute find=" HAB " replace=" HABE "/>
 <substitute find=" HABS " replace=" HABE ES "/>
 <substitute find=" HALO " replace=" HALLO "/>
 <substitute find=" HAS DU " replace=" HAST DU "/>
 <substitute find=" HASTE " replace=" HAST DU "/>
 <substitute find=" HAELTS " replace=" HAELTST "/>
 <substitute find=" HAELST " replace=" HAELTST "/>
 <substitute find=" HAELLST " replace=" HAELTST "/>
 <substitute find=" HEIST " replace=" HEISST "/>
 <substitute find=" DU HST " replace=" DU HAST "/>
 <substitute find=" ICH HAB " replace=" ICH HABE "/>
 <substitute find=" ICHS " replace=" ICH ES "/>
 <substitute find=" INTELIGENT " replace=" INTELLIGENT "/>
 <substitute find=" INTERESANT " replace=" INTERESSANT "/>
 <substitute find=" ISSES " replace=" IST ES "/>
 <substitute find=" ISTS " replace=" IST ES "/>
 <substitute find=" IST S " replace=" IST ES "/>
 <substitute find=" ISSET " replace=" IST ES "/>
 <substitute find=" JAP " replace=" JA "/>
 <substitute find=" JAU " replace=" JA "/>
 <substitute find=" JAWOLL " replace=" JA "/>
 <substitute find=" JEP " replace=" JA "/>
 <substitute find=" JEPP " replace=" JA "/>
 <substitute find=" JO " replace=" JA "/>
 <substitute find=" JETZ " replace=" JETZT "/>
 <substitute find=" KATHEGORIE " replace=" KATEGORIE "/>
 <substitute find=" KATHEGORIEN " replace=" KATEGORIEN "/>
 <substitute find=" KATHEGORISCH " replace=" KATEGORISCH "/>
 <substitute find=" KENNSTE " replace=" KENNST DU "/>
 <substitute find=" KENNSE " replace=" KENNST DU "/>
 <substitute find=" KANNSTE " replace=" KANNST DU "/>
 <substitute find=" KANNSE " replace=" KANNST DU "/>
 <substitute find=" KENNT DU " replace=" KENNST DU "/>
 <substitute find=" KENN " replace=" KENNE "/>
 <substitute find=" MACHSTE " replace=" MACHST DU "/>
 <substitute find=" MAENLICH " replace=" MAENNLICH "/>
 <substitute find=" MAGSTE " replace=" MAGST DU "/>
 <substitute find=" MANS " replace=" MAN ES "/>
 <substitute find=" MASCHIENE " replace=" MASCHINE "/>
 <substitute find=" MGAST " replace=" MAGST "/>
 <substitute find=" MIER " replace=" MIR "/>
 <substitute find=" MIRS " replace=" MIR ES "/>
 <substitute find=" MOECHT " replace=" MOECHTE "/>
 <substitute find=" MUST " replace=" MUSST "/>
 <substitute find=" NEE " replace=" NEIN "/>
 <substitute find=" NEIEN " replace=" NEIN "/>
 <substitute find=" NEN " replace=" EINEN "/>
 <substitute find=" NENN " replace=" NENNE "/>
 <substitute find=" NEHMS " replace=" NEHME ES "/>
 <substitute find=" NEUGIRIG " replace=" NEUGIERIG "/>
 <substitute find=" NICH " replace=" NICHT "/>
 <substitute find=" NIHTS " replace=" NICHTS "/>
 <substitute find=" NIMMS " replace=" NIMM ES "/>
 <substitute find=" NIMM S " replace=" NIMM ES "/>
 <substitute find=" NIX " replace=" NICHTS "/>
 <substitute find=" OHH " replace=" OH "/>
 <substitute find=" SCHO " replace=" SCHON "/>
 <substitute find=" SOLL " replace=" SOLL ES "/>
 <substitute find=" SONS " replace=" SONST "/>
 <substitute find=" SPEZIEL " replace=" SPEZIELL "/>
 <substitute find=" SPIELN " replace=" SPIELEN "/>
 <substitute find=" STIMMTS " replace=" STIMMT ES "/>
 <substitute find=" TELEFONIERN " replace=" TELEFONIEREN "/>
 <substitute find=" TSCHUES " replace=" TSCHUESS "/>
 <substitute find=" UMS " replace=" UM ES "/>
 <substitute find=" VERSTEH " replace=" VERSTEHE "/>
 <substitute find=" VERSUCHS " replace=" VERSUCHE ES "/>
 <substitute find=" YEAH " replace=" JA "/>
 <substitute find=" WAT " replace=" WAS "/>
 <substitute find=" WAEHRE " replace=" WAERE "/>
 <substitute find=" WAERS " replace=" WAERE ES "/>
 <substitute find=" WEILS " replace=" WEIL ES "/>
 <substitute find=" WERS " replace=" WER ES "/>
 <substitute find=" WERD " replace=" WERDE "/>
 <substitute find=" WERDS " replace=" WERDE ES "/>
 <substitute find=" WEIS " replace=" WEISS "/>
 <substitute find=" WEIST " replace=" WEISST "/>
 <substitute find=" WIEDE " replace=" WIEDER "/>
 <substitute find=" WIRSTE " replace=" WIRST DU "/>
 <substitute find=" YEP " replace=" JA "/>
 </input>
 <gender>
 <substitute find=" he " replace=" she "/>
 <substitute find=" she " replace=" he "/>
 <substitute find=" to him " replace=" to her "/>
 <substitute find=" for him " replace=" for her "/>
 <substitute find=" with him " replace=" with her "/>
 <substitute find=" on him " replace=" on her "/>
 <substitute find=" in him " replace=" in her "/>
 <substitute find=" to her " replace=" to him "/>
 <substitute find=" for her " replace=" for him "/>
 <substitute find=" with her " replace=" with him "/>
 <substitute find=" on her " replace=" on him "/>
 <substitute find=" in her " replace=" in him "/>
 <substitute find=" his " replace=" her "/>
 <substitute find=" her " replace=" his "/>
 <substitute find=" him " replace=" her "/>
<!-- German -->
 <substitute find=" er " replace=" Sie "/>
 <substitute find=" ihm " replace=" ihr "/>
 <substitute find=" sein " replace=" ihr "/>
 <substitute find=" ihn " replace=" Sie "/>
<!-- Cybora Brazilian -->
 <substitute find=" ele " replace=" ela "/>
 <substitute find=" ela " replace=" ele "/>
 <substitute find=" para ele " replace=" para ela "/>
 <substitute find=" para ela " replace=" para ele "/>
 <substitute find=" pra ela " replace=" pra ele "/>
 <substitute find=" pra ele " replace=" pra ela "/>
 <substitute find=" com ele " replace=" com ela "/>
 <substitute find=" com ela " replace=" com ele "/>
 </gender>
 <person>
 <substitute find=" I was " replace=" he or she was "/>
 <substitute find=" he was " replace=" I was "/>
 <substitute find=" she was " replace=" I was "/>
 <substitute find=" I am " replace=" he or she is "/>
 <substitute find=" I " replace=" he or she "/>
 <substitute find=" me " replace=" him or her "/>
 <substitute find=" my " replace=" his or her "/>
 <substitute find=" myself " replace=" him or herself "/>
 <substitute find=" mine " replace=" his or hers "/>
<!-- Cybora Brazilian -->
<!-- person repőe palavras com a 1 pessoa pela 3 pessoa e vice-versa -->
 <substitute find=" Eu estava " replace=" ele estava "/>
 <substitute find=" ele estava " replace=" Eu estava "/>
 <substitute find=" ela estava " replace=" Eu estava "/>
 <substitute find=" Eu estou " replace=" ele esta "/>
 <substitute find=" Eu sou " replace=" ele é "/>
 <substitute find=" Eu " replace=" ele "/>
 <substitute find=" mim " replace=" ele "/>
 <substitute find=" meu " replace=" seu "/>
 <substitute find=" eu " replace=" ele "/>
 <substitute find=" minha " replace=" sua "/>
 <substitute find=" sei " replace=" sabe "/>
 <substitute find=" sabe " replace=" sei "/>
 </person>
 <person2>
 <substitute find=" with you " replace=" with me "/>
 <substitute find=" with me " replace=" with you "/>
 <substitute find=" to you " replace=" to me "/>
 <substitute find=" to me " replace=" to you "/>
 <substitute find=" of you " replace=" of me "/>
 <substitute find=" of me " replace=" of you "/>
 <substitute find=" for you " replace=" for me "/>
 <substitute find=" for me " replace=" for you "/>
 <substitute find=" give you " replace=" give me "/>
 <substitute find=" give me " replace=" give you "/>
 <substitute find=" giving you " replace=" giving me "/>
 <substitute find=" giving me " replace=" giving you "/>
 <substitute find=" gave you " replace=" gave me "/>
 <substitute find=" gave me " replace=" gave you "/>
 <substitute find=" make you " replace=" make me "/>
 <substitute find=" make me " replace=" make you "/>
 <substitute find=" made you " replace=" made me "/>
 <substitute find=" made me " replace=" made you "/>
 <substitute find=" take you " replace=" take me "/>
 <substitute find=" take me " replace=" take you "/>
 <substitute find=" save you " replace=" save me "/>
 <substitute find=" save me " replace=" save you "/>
 <substitute find=" tell you " replace=" tell me "/>
 <substitute find=" tell me " replace=" tell you "/>
 <substitute find=" telling you " replace=" telling me "/>
 <substitute find=" telling me " replace=" telling you "/>
 <substitute find=" told you " replace=" told me "/>
 <substitute find=" told me " replace=" told you "/>
 <substitute find=" are you " replace=" am I "/>
 <substitute find=" am I " replace=" are you "/>
 <substitute find=" you are " replace=" I am "/>
 <substitute find=" I am " replace=" you are "/>
 <substitute find=" you " replace=" me "/>
 <substitute find=" me " replace=" you "/>
 <substitute find=" your " replace=" my "/>
 <substitute find=" my " replace=" your "/>
 <substitute find=" yours " replace=" mine "/>
 <substitute find=" mine " replace=" yours "/>
 <substitute find=" yourself " replace=" myself "/>
 <substitute find=" myself " replace=" yourself "/>
 <substitute find=" I was " replace=" you were "/>
 <substitute find=" you were " replace=" I was "/>
 <substitute find=" I am " replace=" you are "/>
 <substitute find=" you are " replace=" I am "/>
 <substitute find=" I " replace=" you "/>
 <substitute find=" me " replace=" you "/>
 <substitute find=" my " replace=" your "/>
 <substitute find=" your " replace=" my "/>
<!-- German -->
 <substitute find=" ich war " replace=" er war "/>
 <substitute find=" ich bin " replace=" er ist "/>
 <substitute find=" ich " replace=" er "/>
 <substitute find=" mein " replace=" sein "/>
 <substitute find=" meins " replace=" seins "/>
 <substitute find=" mit dir " replace=" mit mir "/>
 <substitute find=" dir " replace=" mir "/>
 <substitute find=" fuer dich " replace=" fuer mich "/>
 <substitute find=" bist du " replace=" bin ich "/>
 <substitute find=" du " replace=" ich "/>
 <substitute find=" dein " replace=" mein "/>
 <substitute find=" deins " replace=" meins "/>
<!-- Cybora Brazilian -->
<!-- person2 repőe palavras com a 1 pessoa pela 2 pessoa e vice-versa -->
 <substitute find=" eu " replace=" vocę "/>
 <substitute find=" vocę " replace=" eu "/>
 <substitute find=" sei " replace=" sabe "/>
 <substitute find=" sabe " replace=" sei "/>
 </person2>
 </substitutions>
<!-- Sentence splitters defined strings that mark the end of a sentence,
after input substitutions have been performed. -->
 <sentence-splitters>
 <splitter value="."/>
 <splitter value="!"/>
 <splitter value="¡"/>
 <splitter value="?"/>
 <splitter value="¿"/>
 <splitter value=";"/>
 </sentence-splitters>
</programd-startup>